id,name,gender,address,city,state,country,email,phone
1,Leroy Fitton,Male,30 Kropf Junction,Yanglin,,China,lfitton0@state.tx.us,7731928924
2,Lorettalorna Danelut,Female,058 High Crossing Hill,Paris 19,ÃŽle-de-France,France,ldanelut1@eventbrite.com,1602323390
3,Dannye Andreoletti,Female,7875 School Street,Yangcun,,China,dandreoletti2@behance.net,8574592186
4,Gerhardt Sanders,Male,2 Milwaukee Avenue,Thaton,,Myanmar,gsanders3@webnode.com,4781638552
5,Rutherford Dixcey,Male,1951 Susan Lane,HyÃ¨res,Provence-Alpes-CÃ´te d'Azur,France,rdixcey4@w3.org,6346177196
6,Juanita Cannell,Female,861 Dawn Alley,Al MÄlikÄ«yah,,Syria,jcannell5@gnu.org,6744776968
7,Cassie Possek,Female,1 Starling Place,Fenkeng,,China,cpossek6@ox.ac.uk,4947341876
8,Chiquita Lineham,Female,106 Namekagon Park,Shimanovsk,,Russia,clineham7@themeforest.net,2083390134
9,Vernen Willingam,Male,26687 Merrick Avenue,Hechun,,China,vwillingam8@joomla.org,9776827651
10,Heywood Titterton,Male,98152 Northland Court,Rinconada,,Argentina,htitterton9@google.nl,1698650866
